# timestamps [seconds],pts
222592.953884,655
222592.962186,1200
222592.969902,1705
222592.977923,2231
222592.986149,2770
222592.993922,3279
222593.002009,3809
222593.009946,4329
222593.017776,4843
222593.025931,5377
222593.037865,6159
222593.046045,6695
222593.054154,7227
222593.062086,7746
222593.070093,8271
222593.078041,8792
222593.086025,9315
222593.093894,9831
222593.101950,10359
222593.110080,10892
222593.122117,11681
222593.129977,12196
222593.138041,12724
222593.145958,13243
222593.153901,13764
222593.161845,14284
222593.169845,14808
222593.177891,15336
222593.185855,15858
222593.194083,16397
222593.206070,17182
222593.214032,17704
222593.222095,18233
222593.229885,18743
222593.237849,19265
222593.245968,19797
222593.253863,20315
222593.261973,20846
222593.270020,21373
222593.277988,21896
222593.290165,22694
222593.297833,23196
222593.305975,23730
222593.314105,24263
222593.322171,24791
222593.329967,25302
222593.338198,25841
222593.346145,26362
222593.354076,26882
222593.361942,27398
222593.369852,27916
222593.382020,28713
222593.390058,29240
222593.397881,29753
222593.405875,30277
222593.414012,30810
222593.421908,31327
222593.430019,31859
222593.437826,32371
222593.445812,32894
222593.457930,33688
222593.466052,34220
222593.473962,34739
222593.481913,35260
222593.489885,35782
222593.497907,36308
222593.506065,36843
222593.514009,37363
222593.522064,37891
222593.529846,38401
222593.542388,39223
222593.550010,39723
222593.557884,40239
222593.565998,40770
222593.574000,41295
222593.582127,41827
222593.589989,42343
222593.597985,42867
222593.605924,43387
222593.614064,43920
222593.627039,44771
222593.634026,45229
222593.642056,45755
222593.650095,46282
222593.721411,50955
222593.726714,51303
222593.733827,51769
222593.741981,52303
222593.750008,52829
222593.758061,53357
222593.766064,53882
222593.774035,54404
222593.781990,54925
222593.794450,55742
222593.801997,56237
222593.810789,56813
222593.817796,57272
222593.825910,57804
222593.833873,58326
222593.841926,58853
222593.849943,59379
222593.857908,59901
222593.866139,60440
222593.878013,61218
222593.885888,61734
222593.895497,62364
222593.901837,62780
222593.909945,63311
222593.917905,63833
222593.926039,64366
222593.934098,64894
222593.942054,65415
222593.950174,65947
222593.957840,66450
222593.970176,67258
222593.978048,67774
222593.985977,68294
222593.993871,68811
222594.001838,69333
222594.009860,69859
222594.017996,70392
222594.026455,70946
222594.034015,71442
222594.046162,72238
222594.053807,72739
222594.062808,73329
222594.070010,73801
222594.078518,74358
222594.086069,74853
222594.093881,75365
222594.101932,75893
222594.110022,76423
222594.118060,76950
222594.130055,77736
222594.137880,78249
222594.146015,78782
222594.153880,79297
222594.161988,79829
222594.169819,80342
222594.178112,80885
222594.186042,81405
222594.193894,81920
222594.201980,82449
222594.213985,83236
222594.221968,83759
222594.230064,84290
222594.237856,84801
222594.246853,85390
222594.254030,85861
222594.261978,86381
222594.270193,86920
222594.278330,87453
222594.286073,87960
222594.294062,88484
222594.306067,89271
222594.313911,89785
222594.321853,90305
222594.329945,90836
222594.338200,91377
222594.347173,91965
222594.353876,92404
222594.362123,92944
222594.369818,93449
222594.377910,93979
222594.389815,94759
222594.397935,95291
222594.406004,95820
222594.414126,96352
222594.421914,96863
222594.429919,97387
222594.437981,97916
222594.445950,98438
222594.453884,98958
222594.465984,99751
222594.473859,100267
222594.481984,100800
222594.489838,101314
222594.498127,101857
222594.505943,102370
222594.514849,102953
222594.521882,103414
222594.529899,103940
222594.537905,104464
222594.545993,104994
222594.557953,105778
222594.565907,106299
222594.573861,106821
222594.582133,107363
222594.590013,107879
222594.599072,108473
222594.605911,108921
222594.614468,109482
222594.621778,109961
222594.629985,110499
222594.642058,111290
222594.650622,111851
222594.657909,112329
222594.665960,112856
222594.673908,113377
222594.682249,113924
222594.690086,114437
222594.697917,114951
222594.705888,115473
222594.717878,116259
222594.725878,116783
222594.734385,117341
222594.742094,117846
222594.749992,118363
222594.757799,118875
222594.766405,119439
222594.773916,119931
222594.782288,120480
222594.790002,120985
222594.802061,121776
222594.809998,122296
222594.818809,122873
222594.826063,123349
222594.833915,123863
222594.842014,124394
222594.850096,124924
222594.858111,125449
222594.867439,126060
222594.874063,126494
222594.885959,127274
222594.894563,127838
222594.902140,128334
222594.910097,128856
222594.918049,129377
222594.926055,129902
222594.934008,130423
222594.941943,130943
222594.950966,131534
222594.958712,132042
222594.966289,132538
222594.977975,133304
222594.987333,133918
222594.993875,134346
222595.002662,134922
222595.009960,135400
222595.018669,135971
222595.025882,136444
222595.034162,136986
222595.041849,137490
222595.050708,138071
222595.061958,138808
222595.071082,139406
222595.077904,139853
222595.086800,140436
222595.093945,140904
222595.101828,141421
222595.110164,141967
222595.118571,142518
222595.126077,143010
222595.138094,143798
222595.145923,144311
222595.154951,144902
222595.161999,145364
222595.170681,145933
222595.177930,146408
222595.186075,146942
222595.193933,147457
222595.202094,147992
222595.209850,148500
222595.218909,149094
222595.230167,149832
222595.237980,150344
222595.245873,150861
222595.254041,151396
222595.261874,151910
222595.270954,152505
222595.278149,152976
222595.286057,153494
222595.293930,154010
222595.301996,154539
222595.314047,155329
222595.321874,155842
222595.329996,156374
222595.338040,156901
222595.346145,157432
222595.354664,157991
222595.361969,158469
222595.369845,158985
222595.377978,159518
222595.389887,160299
222595.397897,160824
222595.405802,161342
222595.414028,161881
222595.422008,162404
222595.429904,162921
222595.437989,163451
222595.446038,163979
222595.453888,164493
222595.461778,165010
222595.473909,165805
222595.481868,166327
222595.489862,166851
222595.497817,167372
222595.505853,167899
222595.514051,168436
222595.522108,168964
222595.529820,169469
222595.537965,170003
222595.545805,170517
222595.557863,171307
222595.565937,171836
222595.573938,172361
222595.581981,172888
222595.589843,173403
222595.597908,173932
222595.607348,174550
222595.613811,174974
222595.622017,175512
222595.630132,176043
222595.637947,176556
222595.649933,177341
222595.657834,177859
222595.666054,178398
222595.673913,178913
222595.681872,179434
222595.690519,180001
222595.697934,180487
222595.706690,181061
222595.713972,181538
222595.722107,182071
222595.734126,182859
222595.741886,183367
222595.749867,183890
222595.758198,184436
222595.766091,184953
222595.774060,185476
222595.781954,185993
222595.790035,186523
222595.798066,187049
222595.809826,187820
222595.818075,188360
222595.826005,188880
222595.834027,189406
222595.841983,189927
222595.849960,190450
222595.857899,190970
222595.865804,191488
222595.874045,192028
222595.881958,192547
222595.889891,193067
222595.902074,193865
222595.910001,194385
222595.917925,194904
222595.925843,195423
222595.934017,195958
222595.941968,196480
222595.949934,197002
222595.958078,197535
222595.966021,198056
222595.974434,198607
222595.985970,199363
222595.993947,199886
222596.001864,200405
222596.009880,200930
222596.017903,201456
222596.026075,201992
222596.033885,202503
222596.042105,203042
222596.049951,203556
222596.057965,204081
222596.069984,204869
222596.077890,205387
222596.086057,205922
222596.093953,206440
222596.101811,206955
222596.110332,207513
222596.117892,208009
222596.126126,208548
222596.134118,209072
222596.143039,209657
222596.153852,210365
222596.162080,210905
222596.169862,211415
222596.178109,211955
222596.185864,212463
222596.194060,213000
222596.201879,213513
222596.209917,214040
222596.218011,214570
222596.227218,215173
222596.237899,215873
222596.246102,216411
222596.253924,216924
222596.261911,217447
222596.269988,217976
222596.277952,218498
222596.286068,219030
222596.294150,219560
222596.301971,220072
222596.310027,220600
222596.322051,221388
222596.329854,221900
222596.337973,222432
222596.346109,222965
222596.353952,223479
222596.361872,223998
222596.370062,224535
222596.377892,225048
222596.386000,225579
222596.393984,226102
222596.405945,226886
222596.413897,227407
222596.421846,227928
222596.430010,228463
222596.437886,228980
222596.445799,229498
222596.453845,230025
222596.461866,230551
222596.469811,231072
222596.481803,231858
222596.489784,232381
222596.497801,232906
222596.506003,233444
222596.513764,233952
222596.522077,234497
222596.529928,235012
222596.537872,235532
222596.546023,236066
222596.554081,236594
222596.562001,237113
222596.573788,237886
222596.582131,238433
222596.589977,238947
222596.597984,239472
222596.605944,239993
222596.614133,240530
222596.621840,241035
222596.629961,241567
222596.637886,242087
222596.645859,242609
222596.657892,243398
222596.666101,243936
222596.673976,244452
222596.681873,244969
222596.689817,245490
222596.698033,246028
222596.705986,246549
222596.714588,247113
222596.722001,247599
222596.730041,248126
222596.742896,248968
222596.750067,249438
222596.758064,249962
222596.766009,250483
222596.773987,251006
222596.781960,251528
222596.789969,252053
222596.798092,252586
222596.805861,253095
222596.817869,253882
222596.827033,254482
222596.833831,254928
222596.842081,255468
222596.850045,255990
222596.858055,256515
222596.866032,257038
222596.873886,257553
222596.881929,258080
222596.889964,258606
222596.898051,259136
222596.911277,260003
222596.917805,260431
222596.926070,260973
222596.934162,261503
222596.941839,262006
222596.949948,262538
222596.957961,263063
222596.965835,263579
222596.973919,264108
222596.981948,264635
222596.994823,265478
222597.001820,265937
222597.010573,266511
222597.017796,266984
222597.026072,267526
222597.033844,268036
222597.042107,268577
222597.050035,269097
222597.057998,269619
222597.066074,270148
222597.078134,270938
222597.085905,271447
222597.094054,271982
222597.102054,272506
222597.109951,273023
222597.117838,273540
222597.125982,274074
222597.133917,274594
222597.141894,275117
222597.154084,275916
222597.162045,276437
222597.169899,276952
222597.178126,277491
222597.186526,278042
222597.193959,278529
222597.201923,279051
222597.209969,279578
222597.217861,280095
222597.226148,280638
222597.237872,281407
222597.246117,281947
222597.253955,282461
222597.263381,283078
222597.270133,283521
222597.278118,284044
222597.286037,284563
222597.293842,285075
222597.301894,285602
222597.310181,286145
222597.321871,286912
222597.330851,287500
222597.337910,287963
222597.345853,288483
222597.353914,289011
222597.362063,289545
222597.369820,290054
222597.377886,290582
222597.385891,291107
222597.393901,291632
222597.405872,292417
222597.413983,292948
222597.421966,293471
222597.429961,293995
222597.437859,294513
222597.445955,295043
222597.453743,295554
222597.461807,296082
222597.470056,296623
222597.477963,297141
222597.489980,297929
222597.497942,298450
222597.505917,298973
222597.514029,299505
222597.521970,300025
222597.530856,300607
222597.537931,301071
222597.545918,301594
222597.553919,302119
222597.562013,302649
222597.573838,303424
222597.583137,304034
222597.589947,304480
222597.598599,305047
222597.606137,305541
222597.614909,306116
222597.621854,306571
222597.630236,307120
222597.637789,307615
222597.645909,308147
222597.658060,308944
222597.666797,309516
222597.673956,309985
222597.681898,310506
222597.689820,311025
222597.698102,311568
222597.705830,312074
222597.715178,312687
222597.722061,313138
222597.730196,313671
222597.742046,314448
222597.751786,315086
222597.758117,315501
222597.766112,316025
222597.773923,316537
222597.782432,317094
222597.789979,317589
222597.798878,318172
222597.805962,318636
222597.813895,319156
222597.826015,319951
222597.833995,320474
222597.841883,320990
222597.850867,321579
222597.857977,322045
222597.866770,322621
222597.873982,323094
222597.881991,323619
222597.890054,324147
222597.898828,324722
222597.909895,325448
222597.917990,325978
222597.926039,326506
222597.934633,327069
222597.942183,327564
222597.949955,328073
222597.957946,328597
222597.966041,329127
222597.973908,329643
222597.982708,330219
222597.994024,330961
222598.001978,331482
222598.009921,332003
222598.018077,332537
222598.025938,333053
222598.034872,333638
222598.041887,334098
222598.050039,334632
222598.057899,335147
222598.066097,335684
222598.073960,336200
222598.085931,336984
222598.094039,337516
222598.101799,338024
222598.110097,338568
222598.119510,339185
222598.126082,339615
222598.134775,340185
222598.141931,340654
222598.151156,341259
222598.157942,341703
222598.169981,342492
222598.178057,343022
222598.187527,343642
222598.193914,344061
222598.202656,344634
222598.209807,345102
222598.218026,345641
222598.225872,346155
222598.234032,346690
222598.242094,347218
222598.254046,348002
222598.261899,348516
222598.271031,349115
222598.278017,349573
222598.286498,350128
222598.293915,350614
222598.301844,351134
222598.310067,351673
222598.318150,352203
222598.329914,352974
222598.338046,353507
222598.346228,354043
222598.353907,354546
222598.361965,355074
222598.369985,355600
222598.377991,356124
222598.386009,356650
222598.393984,357172
222598.401933,357693
222598.413933,358480
222598.421929,359004
222598.429933,359528
222598.438101,360064
222598.445954,360578
222598.453942,361102
222598.461783,361616
222598.469964,362152
222598.478053,362682
222598.486105,363210
222598.493777,363712
222598.505946,364510
222598.513931,365033
222598.521996,365562
222598.529998,366086
222598.539223,366691
222598.545927,367130
222598.553977,367658
222598.561869,368175
222598.570982,368772
222598.577991,369231
222598.589878,370010
222598.597987,370542
222598.605908,371061
222598.613855,371582
222598.623751,372230
222598.629772,372625
222598.638682,373209
222598.645962,373686
222598.654987,374277
222598.661957,374734
222598.674130,375532
222598.681860,376038
222598.690044,376575
222598.697926,377091
222598.706060,377624
222598.713834,378134
222598.722468,378700
222598.730067,379198
222598.738070,379722
222598.745832,380231
222598.757942,381024
222598.766085,381558
222598.774026,382078
222598.782093,382607
222598.789987,383124
222598.797899,383643
222598.805927,384169
222598.813915,384693
222598.822700,385268
222598.829795,385733
222598.841968,386531
222598.850046,387060
222598.857799,387569
222598.865925,388101
222598.874156,388641
222598.881899,389148
222598.889967,389677
222598.897784,390189
222598.905937,390723
222598.913857,391242
222598.925875,392030
222598.933924,392557
222598.942010,393087
222598.949878,393603
222598.957842,394125
222598.966028,394661
222598.975392,395275
222598.981982,395707
222598.990612,396272
222598.997967,396754
222599.010044,397546
222599.017969,398065
222599.025933,398587
222599.033833,399105
222599.042105,399647
222599.049889,400157
222599.057837,400678
222599.065979,401212
222599.075153,401813
222599.081955,402259
222599.093904,403042
222599.101993,403572
222599.110155,404107
222599.117828,404610
222599.125909,405139
222599.134058,405673
222599.141913,406188
222599.149923,406713
222599.159654,407351
222599.165993,407766
222599.178051,408556
222599.186050,409080
222599.193895,409595
222599.201843,410115
222599.209977,410649
222599.218053,411178
222599.225903,411692
222599.233879,412215
222599.243280,412831
222599.249996,413271
222599.261842,414048
222599.269946,414579
222599.277929,415102
222599.285921,415626
222599.293915,416149
222599.301868,416671
222599.310012,417204
222599.318357,417751
222599.326109,418259
222599.333902,418770
222599.346154,419573
222599.353860,420078
222599.361965,420609
222599.369935,421131
222599.377947,421656
222599.385987,422183
222599.393900,422702
222599.401987,423232
222599.409899,423750
222599.418043,424284
222599.429977,425066
222599.437906,425586
222599.446146,426126
222599.454029,426642
222599.462010,427166
222599.469963,427687
222599.478093,428220
222599.485904,428731
222599.493898,429255
222599.501888,429779
222599.513884,430565
222599.522145,431106
222599.529820,431609
222599.538035,432148
222599.545913,432664
222599.553932,433190
222599.561905,433712
222599.569832,434232
222599.577911,434761
222599.585917,435286
222599.597880,436070
222599.605873,436594
222599.614058,437130
222599.621954,437647
222599.629926,438170
222599.637841,438689
222599.645789,439209
222599.653885,439740
222599.662048,440275
222599.669837,440785
222599.682078,441588
222599.689918,442101
222599.697836,442620
222599.706082,443161
222599.714094,443686
222599.722127,444212
222599.729820,444716
222599.738100,445259
222599.745910,445771
222599.753889,446294
222599.766002,447088
222599.773872,447603
222599.782169,448147
222599.790005,448661
222599.797995,449184
222599.805954,449706
222599.813933,450229
222599.821951,450754
222599.830054,451285
222599.837894,451799
222599.849972,452591
222599.857838,453106
222599.866145,453650
222599.873908,454159
222599.881989,454689
222599.889767,455199
222599.898087,455744
222599.905921,456257
222599.913819,456775
222599.921902,457305
222599.933865,458089
222599.942028,458623
222599.950043,459149
222599.957965,459668
222599.965975,460193
222599.973958,460716
222599.981777,461228
222599.989865,461758
222599.997969,462290
222600.006005,462816
222600.017828,463591
222600.026170,464138
222600.033902,464644
222600.041873,465167
222600.050034,465702
222600.057938,466220
222600.065806,466735
222600.073910,467266
222600.081857,467787
222600.089958,468318
222600.101790,469093
222600.110906,469691
222600.117867,470147
222600.125815,470668
222600.133843,471194
222600.141920,471723
222600.149904,472247
222600.157989,472776
222600.166155,473312
222600.174010,473826
222600.185927,474607
222600.193873,475128
222600.201922,475656
222600.209889,476178
222600.217908,476703
222600.226090,477239
222600.233955,477755
222600.242008,478283
222600.249950,478803
222600.257886,479323
222600.269996,480117
222600.278183,480653
222600.285928,481161
222600.293948,481687
222600.301979,482213
222600.310033,482741
222600.318025,483264
222600.325866,483778
222600.333884,484304
222600.342114,484843
222600.353955,485619
222600.362039,486149
222600.369793,486657
222600.378145,487204
222600.385784,487705
222600.393845,488233
222600.401966,488766
222600.409964,489290
222600.417859,489807
222600.425958,490338
222600.438001,491127
222600.445999,491651
222600.453791,492162
222600.461833,492689
222600.469813,493212
222600.478040,493751
222600.486113,494280
222600.493997,494797
222600.501934,495317
222600.510043,495848
222600.522056,496636
222600.529923,497151
222600.537827,497669
222600.545874,498197
222600.553822,498717
222600.562077,499258
222600.569791,499764
222600.578061,500306
222600.585822,500815
222600.593877,501342
222600.606064,502141
222600.614456,502691
222600.621839,503175
222600.630291,503729
222600.637842,504224
222600.645865,504749
222600.654036,505285
222600.661943,505803
222600.670094,506337
222600.678016,506856
222600.690030,507644
222600.698167,508177
222600.705832,508679
222600.714620,509255
222600.722098,509745
222600.729879,510255
222600.737980,510786
222600.745888,511304
222600.753932,511832
222600.762051,512364
222600.773956,513144
222600.781915,513665
222600.789986,514194
222600.798572,514757
222600.805892,515237
222600.813847,515758
222600.821850,516283
222600.830078,516822
222600.837947,517338
222600.846041,517868
222600.857906,518646
222600.866203,519189
222600.874290,519719
222600.882646,520267
222600.889813,520737
222600.898016,521274
222600.905879,521789
222600.914095,522328
222600.921757,522830
222600.929871,523362
222600.941973,524155
222600.950881,524739
222600.957978,525204
222600.965923,525724
222600.974108,526261
222600.982011,526779
222600.989813,527290
222600.998084,527832
222601.005840,528340
222601.014002,528875
222601.026603,529701
222601.034059,530190
222601.041970,530708
222601.050559,531271
222601.057917,531753
222601.066048,532286
222601.073913,532802
222601.082036,533334
222601.089984,533855
222601.098065,534384
222601.110071,535171
222601.119002,535756
222601.125938,536211
222601.134525,536774
222601.141833,537253
222601.150225,537803
222601.157854,538303
222601.165895,538830
222601.173917,539355
222601.183150,539960
222601.193996,540671
222601.202838,541251
222601.209872,541712
222601.218127,542253
222601.225869,542760
222601.234031,543295
222601.242423,543845
222601.250916,544401
222601.258013,544867
222601.266375,545415
222601.277913,546171
222601.285867,546692
222601.293870,547216
222601.302609,547789
222601.309920,548268
222601.317951,548795
222601.325855,549313
222601.334207,549860
222601.342083,550376
222601.350052,550898
222601.361907,551675
222601.370053,552209
222601.377947,552726
222601.385977,553253
222601.393855,553769
222601.401838,554292
222601.409889,554820
222601.418005,555352
222601.425933,555871
222601.434130,556408
222601.445957,557183
222601.453829,557699
222601.461804,558222
222601.470038,558762
222601.478054,559287
222601.485939,559804
222601.493891,560325
222601.501847,560846
222601.509913,561375
222601.518010,561905
222601.529823,562680
222601.537884,563208
222601.545935,563736
222601.555024,564331
222601.562024,564790
222601.570422,565340
222601.577882,565829
222601.586633,566403
222601.593994,566885
222601.602138,567419
222601.614093,568202
222601.621802,568707
222601.629942,569241
222601.639127,569843
222601.646016,570294
222601.654769,570868
222601.662005,571342
222601.670001,571866
222601.677890,572383
222601.686017,572916
222601.697928,573696
222601.705950,574222
222601.714279,574768
222601.722169,575285
222601.729849,575788
222601.738491,576355
222601.745820,576835
222601.754426,577399
222601.761845,577885
222601.770114,578427
222601.781940,579202
222601.789876,579722
222601.798077,580260
222601.805842,580769
222601.813825,581292
222601.822013,581828
222601.829979,582350
222601.838863,582933
222601.845818,583388
222601.854864,583981
222601.865846,584701
222601.873825,585224
222601.882020,585761
222601.889783,586270
222601.897882,586800
222601.906888,587391
222601.913904,587850
222601.922475,588412
222601.930052,588909
222601.938775,589480
222601.950399,590242
222601.957963,590738
222601.966019,591266
222601.974058,591793
222601.981884,592305
222601.990349,592860
222601.997912,593356
222602.006110,593893
222602.013897,594403
222602.021897,594928
222602.033952,595718
222602.042027,596247
222602.049907,596763
222602.057933,597289
222602.066030,597820
222602.073845,598332
222602.082161,598877
222602.090798,599443
222602.097815,599903
222602.106335,600461
222602.117925,601221
222602.125878,601742
222602.133880,602267
222602.142048,602802
222602.149853,603313
222602.157966,603845
222602.165889,604364
222602.175106,604968
222602.181835,605409
222602.190400,605971
222602.202034,606733
222602.209908,607249
222602.217885,607772
222602.226108,608311
222602.233906,608822
222602.242284,609371
222602.249804,609864
222602.258040,610403
222602.265988,610924
222602.273807,611437
222602.286086,612241
222602.293937,612756
222602.301876,613276
222602.309909,613803
222602.317864,614324
222602.325888,614850
222602.334125,615390
222602.341853,615896
222602.349869,616421
222602.357986,616953
222602.369884,617733
222602.377891,618258
222602.385798,618776
222602.393908,619307
222602.401830,619827
222602.409778,620347
222602.417831,620875
222602.425880,621403
222602.433810,621922
222602.441939,622455
222602.453849,623236
222602.461828,623759
222602.469958,624291
222602.477973,624817
222602.485991,625342
222602.494046,625870
222602.501891,626384
222602.510026,626917
222602.517912,627434
222602.526870,628021
222602.537896,628744
222602.545921,629270
222602.553816,629787
222602.561811,630311
222602.569864,630839
222602.577869,631363
222602.585809,631884
222602.593898,632414
222602.601847,632935
222602.611012,633535
222602.621895,634249
222602.630083,634785
222602.637979,635303
222602.645851,635819
222602.653831,636342
222602.661862,636868
222602.669862,637392
222602.677840,637915
222602.685903,638443
222602.693966,638972
222602.705790,639747
222602.714665,640328
222602.721958,640806
222602.729794,641320
222602.737927,641853
222602.745854,642372
222602.753809,642894
222602.762112,643438
222602.769957,643952
222602.777852,644469
222602.789835,645255
222602.797870,645781
222602.805849,646304
222602.813946,646835
222602.821898,647356
222602.829939,647883
222602.837845,648401
222602.845829,648924
222602.853960,649457
222602.861812,649972
222602.874123,650778
222602.881956,651292
222602.889792,651805
222602.897817,652331
222602.905969,652865
222602.913934,653387
222602.922085,653922
222602.929813,654428
222602.937948,654961
222602.945909,655483
222602.958082,656281
222602.965922,656794
222602.973846,657314
222602.981997,657848
222602.989948,658369
222602.997840,658886
222603.005902,659414
222603.013997,659945
222603.021978,660468
222603.029848,660984
222603.041955,661777
222603.050030,662306
222603.057765,662813
222603.066068,663357
222603.073870,663869
222603.081991,664401
222603.089882,664918
222603.098059,665454
222603.105861,665965
222603.113900,666492
222603.125890,667278
222603.133778,667795
222603.141832,668323
222603.149827,668847
222603.157996,669382
222603.165906,669900
222603.174116,670438
222603.182059,670959
222603.189853,671470
222603.197817,671992
222603.209972,672788
222603.218195,673327
222603.225983,673837
222603.233896,674356
222603.242127,674895
222603.250084,675417
222603.257828,675924
222603.265848,676450
222603.273879,676976
222603.282024,677510
222603.293879,678287
222603.302105,678826
222603.310039,679346
222603.317840,679857
222603.326082,680397
222603.333900,680910
222603.342041,681443
222603.349955,681962
222603.357803,682476
222603.366041,683016
222603.377937,683796
222603.385815,684312
222603.394062,684853
222603.401963,685370
222603.409912,685891
222603.417876,686413
222603.425982,686944
222603.433904,687464
222603.441964,687992
222603.450083,688524
222603.461912,689299
222603.469997,689829
222603.477977,690352
222603.485813,690865
222603.493904,691396
222603.501968,691924
222603.509903,692444
222603.517807,692962
222603.526025,693501
222603.534054,694027
222603.546077,694815
222603.554099,695341
222603.561992,695858
222603.569923,696378
222603.578159,696917
222603.585867,697422
222603.593965,697953
222603.601843,698469
222603.610130,699013
222603.617837,699518
222603.630070,700319
222603.638092,700845
222603.646465,701394
222603.653889,701880
222603.662649,702454
222603.669811,702924
222603.678015,703461
222603.685891,703978
222603.693850,704499
222603.701886,705026
222603.714245,705836
222603.721953,706341
222603.730108,706875
222603.737936,707388
222603.746128,707925
222603.753894,708434
222603.761875,708957
222603.770211,709503
222603.777904,710008
222603.785845,710528
222603.798898,711383
222603.805955,711846
222603.814485,712405
222603.821870,712889
222603.830430,713450
222603.837821,713934
222603.846142,714480
222603.853878,714987
222603.861975,715517
222603.870018,716044
222603.881976,716828
222603.890132,717362
222603.899320,717965
222603.905913,718397
222603.914038,718929
222603.921943,719447
222603.930991,720040
222603.937968,720497
222603.945855,721014
222603.953830,721537
222603.966690,722380
222603.973840,722848
222603.983134,723457
222603.989998,723907
222603.998494,724464
222604.005982,724955
222604.014943,725542
222604.021791,725991
222604.030048,726532
222604.037824,727041
222604.050773,727890
222604.058017,728365
222604.067140,728963
222604.074026,729414
222604.082103,729943
222604.089944,730457
222604.099212,731065
222604.105861,731500
222604.113886,732026
222604.122092,732564
222604.134826,733399
222604.142072,733873
222604.149969,734391
222604.158107,734924
222604.165973,735440
222604.174108,735973
222604.182823,736544
222604.189868,737006
222604.198540,737574
222604.205811,738051
222604.218085,738855
222604.225916,739368
222604.233944,739894
222604.241958,740419
222604.249991,740946
222604.257900,741464
222604.266589,742034
222604.273809,742507
222604.282496,743076
222604.290128,743576
222604.303052,744423
222604.310006,744879
222604.317988,745402
222604.326107,745934
222604.334035,746454
222604.341961,746973
222604.350675,747544
222604.358064,748028
222604.366071,748553
222604.373894,749066
222604.385845,749849
222604.393966,750381
222604.402499,750940
222604.409812,751420
222604.417968,751954
222604.426082,752486
222604.433875,752997
222604.441879,753521
222604.452401,754211
222604.458169,754589
222604.470020,755365
222604.478188,755901
222604.486220,756427
222604.494071,756942
222604.501901,757455
222604.509897,757979
222604.518283,758528
222604.526046,759037
222604.533940,759554
222604.541984,760082
222604.553951,760866
222604.561973,761392
222604.569998,761918
222604.578021,762443
222604.586907,763026
222604.593896,763484
222604.601889,764007
222604.610422,764567
222604.617864,765054
222604.625967,765585
222604.637883,766366
222604.645831,766887
222604.654926,767483
222604.661866,767938
222604.670624,768512
222604.677815,768983
222604.686886,769578
222604.694000,770044
222604.702766,770618
222604.709905,771086
222604.722084,771884
222604.729855,772394
222604.738049,772931
222604.746023,773453
222604.753875,773968
222604.761962,774498
222604.770102,775031
222604.777971,775547
222604.787147,776148
222604.793984,776596
222604.805917,777378
222604.814047,777911
222604.821925,778428
222604.829882,778949
222604.839211,779560
222604.845945,780002
222604.854518,780564
222604.861843,781044
222604.870024,781580
222604.877861,782093
222604.889908,782883
222604.897877,783405
222604.906036,783940
222604.913770,784447
222604.921970,784984
222604.929986,785509
222604.938775,786085
222604.945892,786552
222604.955088,787154
222604.961980,787606
222604.973899,788387
222604.981990,788917
222604.989875,789434
222604.997834,789956
222605.006191,790503
222605.013954,791012
222605.021935,791535
222605.029785,792050
222605.038000,792588
222605.046068,793117
222605.057820,793887
222605.065875,794415
222605.073746,794931
222605.082094,795478
222605.090078,796001
222605.097967,796518
222605.107170,797121
222605.113901,797562
222605.122461,798123
222605.129820,798605
222605.142064,799408
222605.150020,799929
222605.157870,800444
222605.166026,800978
222605.173998,801501
222605.181898,802018
222605.189932,802545
222605.197863,803065
222605.206354,803621
222605.213933,804118
222605.225968,804906
222605.233817,805421
222605.242223,805972
222605.250064,806486
222605.257879,806998
222605.265899,807523
222605.275075,808125
222605.281968,808576
222605.290290,809122
222605.297843,809617
222605.309874,810405
222605.317854,810928
222605.325955,811459
222605.334041,811989
222605.342031,812513
222605.349896,813028
222605.357968,813557
222605.365832,814072
222605.373908,814602
222605.381825,815121
222605.393918,815913
222605.401974,816441
222605.409866,816958
222605.418000,817491
222605.425851,818006
222605.433840,818529
222605.441886,819057
222605.449928,819584
222605.457994,820112
222605.465887,820630
222605.477896,821417
222605.485837,821937
222605.493784,822458
222605.501926,822991
222605.509924,823516
222605.517817,824033
222605.526009,824570
222605.533940,825089
222605.542134,825626
222605.549953,826139
222605.562043,826931
222605.570038,827455
222605.577843,827967
222605.585916,828496
222605.593868,829017
222605.602022,829551
222605.609838,830063
222605.617943,830595
222605.625885,831115
222605.633924,831642
222605.645925,832428
222605.654028,832959
222605.661887,833474
222605.670160,834017
222605.677953,834527
222605.685935,835050
222605.694005,835579
222605.702069,836108
222605.710077,836633
222605.717811,837139
222605.729832,837927
222605.737913,838457
222605.745795,838973
222605.753869,839502
222605.762090,840041
222605.769971,840558
222605.777992,841083
222605.785929,841604
222605.793859,842123
222605.801843,842646
222605.814004,843443
222605.821981,843966
222605.830042,844494
222605.837963,845014
222605.846680,845585
222605.853862,846056
222605.861844,846579
222605.870077,847118
222605.878048,847641
222605.886002,848162
222605.898013,848949
222605.905801,849459
222605.913832,849986
222605.921867,850512
222605.929882,851038
222605.938102,851576
222605.945903,852087
222605.954079,852623
222605.961909,853136
222605.969932,853662
222605.981957,854450
222605.989904,854971
222605.997885,855494
222606.005874,856018
222606.013882,856542
222606.021856,857065
222606.030088,857605
222606.037901,858117
222606.045937,858643
222606.053828,859160
222606.065824,859946
222606.073874,860474
222606.082039,861009
222606.090160,861541
222606.097789,862041
222606.105907,862573
222606.113858,863094
222606.121996,863628
222606.130041,864155
222606.138146,864686
222606.150070,865468
222606.157812,865975
222606.166126,866520
222606.173783,867022
222606.182015,867561
222606.189830,868073
222606.197914,868603
222606.205856,869123
222606.213914,869652
222606.221836,870171
222606.233847,870958
222606.242491,871524
222606.249791,872003
222606.258065,872545
222606.265942,873061
222606.273907,873583
222606.281808,874101
222606.290034,874640
222606.298107,875169
222606.306021,875688
222606.317806,876460
222606.325893,876990
222606.333997,877521
222606.342007,878046
222606.350101,878577
222606.358032,879096
222606.366000,879618
222606.373956,880140
222606.381914,880661
222606.390052,881195
222606.401869,881969
222606.410056,882506
222606.417783,883012
222606.425962,883548
222606.433900,884068
222606.441857,884590
222606.450069,885128
222606.457858,885638
222606.465953,886169
222606.473828,886685
222606.486055,887486
222606.493876,887999
222606.501788,888517
222606.510045,889058
222606.517887,889572
222606.525989,890103
222606.534049,890632
222606.542019,891154
222606.550036,891679
222606.558028,892203
222606.569983,892987
222606.578623,893553
222606.585902,894030
222606.594188,894573
222606.601957,895082
222606.610003,895609
222606.617915,896128
222606.625881,896650
222606.633827,897171
222606.641817,897694
222606.653952,898489
222606.662451,899046
222606.669913,899535
222606.677983,900064
222606.685941,900586
222606.693904,901108
222606.701886,901631
222606.709847,902153
222606.717948,902683
222606.726018,903212
222606.737965,903995
222606.746069,904526
222606.753978,905045
222606.763584,905674
222606.770163,906105
222606.778047,906622
222606.785947,907140
222606.793893,907660
222606.801929,908187
222606.809920,908711
222606.821781,909488
222606.830072,910031
222606.837803,910538
222606.847542,911176
222606.853845,911589
222606.862654,912167
222606.869928,912643
222606.877894,913165
222606.886078,913702
222606.893972,914219
222606.905805,914995
222606.913950,915528
222606.921927,916051
222606.930110,916587
222606.937778,917090
222606.945962,917626
222606.953909,918147
222606.961924,918672
222606.969817,919190
222606.977845,919716
222606.989806,920500
222606.998685,921082
222607.005883,921553
222607.014577,922123
222607.021962,922607
222607.029951,923131
222607.037842,923648
222607.046053,924186
222607.053792,924693
222607.061906,925225
222607.073912,926012
222607.082014,926542
222607.090061,927070
222607.098128,927599
222607.105936,928110
222607.115049,928707
222607.121882,929155
222607.130652,929730
222607.137877,930203
222607.145979,930734
222607.157954,931519
222607.166794,932099
222607.174050,932574
222607.183235,933176
222607.189818,933607
222607.198531,934178
222607.205793,934654
222607.214037,935195
222607.221801,935703
222607.230068,936245
222607.241846,937017
222607.250135,937560
222607.257795,938062
222607.267205,938679
222607.273896,939117
222607.281908,939643
222607.289908,940167
222607.298171,940708
222607.305895,941215
222607.314036,941748
222607.326084,942538
222607.335005,943122
222607.341973,943579
222607.350931,944166
222607.357788,944615
222607.366010,945154
222607.373845,945668
222607.382015,946203
222607.389809,946714
222607.397892,947244
222607.409957,948034
222607.417900,948555
222607.425932,949081
222607.434003,949610
222607.441892,950127
222607.450109,950666
222607.457841,951172
222607.465827,951696
222607.473918,952226
222607.481991,952755
222607.493832,953531
222607.502447,954096
222607.510000,954591
222607.518543,955150
222607.526081,955644
222607.534123,956171
222607.541848,956678
222607.550788,957264
222607.557797,957723
222607.565906,958254
222607.577830,959036
222607.585812,959559
222607.593974,960094
222607.602072,960624
222607.610360,961168
222607.618087,961674
222607.626064,962197
222607.634619,962757
222607.641934,963237
222607.651517,963865
222607.662006,964552
222607.670966,965139
222607.677983,965599
222607.686049,966128
222607.693951,966646
222607.702965,967236
222607.710013,967698
222607.718369,968246
222607.725854,968737
222607.734130,969279
222607.745887,970049
222607.753874,970573
222607.761846,971095
222607.770083,971635
222607.778000,972154
222607.786684,972723
222607.793849,973193
222607.802715,973774
222607.809868,974242
222607.818159,974786
222607.830070,975566
222607.837973,976084
222607.845969,976608
222607.855418,977228
222607.862039,977661
222607.870739,978232
